Transaction_ID,Date,Customer_Age,Gender,Product_Category,Quantity,Unit_Price,Discount_Percent,Sales_Amount,Profit,Payment_Method,Region,Customer_Rating
TXN1001,2024-04-12,58.0,Male,Electronics,4,315.44,30,883.23,-100.94,Debit Card,North,2.0
TXN1002,2024-12-14,32.0,Female,Books,4,10.0,5,38.0,13.2,Credit Card,South,4.0
TXN1003,2024-09-27,31.0,Male,Home & Kitchen,3,108.04,10,291.71,71.31,UPI,North,5.0
TXN1004,2024-04-16,28.0,Male,Electronics,2,153.53,20,245.65,6.14,Debit Card,North,4.0
TXN1005,2024-03-12,,Male,electronics,1,365.63,5,347.35,62.16,Cash on Delivery,North,
TXN1006,2024-07-07,33.0,Male,Home & Kitchen,2,95.34,15,162.08,32.42,Credit Card,East,4.0
TXN1007,2024-01-21,28.0,Male,Electronics,5,258.1,0,1290.5,283.91,UPI,South,4.0
TXN1008,2024-04-12,50.0,Female,Books,2,22.0,10,39.6,12.32,Credit Card,East,1.0
TXN1009,2024-05-01,51.0,Female,Home & Kitchen,1,198.75,10,178.88,43.73,Cash on Delivery,North,4.0
TXN1010,2024-08-02,28.0,Female,Electronics,1,265.69,10,239.12,31.88,Cash on Delivery,North,2.0
TXN1011,2024-11-26,18.0,Male,Electronics,1,299.51,5,284.53,50.91,UPI,South,4.0
TXN1012,2024-03-28,46.0,Female,Beauty & Health,1,28.54,0,28.54,11.42,Debit Card,East,3.0
TXN1013,2024-04-09,27.0,Male,Fashion,-1,51.29,25,192.34,43.6,UPI,North,4.0
TXN1014,2024-12-25,44.0,Other,Fashion,2,85.83,0,171.66,72.1,UPI,East,3.0
TXN1015,2024-05-31,18.0,Male,Books,1,37.18,0,37.18,14.13,Credit Card,West,4.0
TXN1016,2024-05-10,45.0,Male,Beauty & Health,2,37.3,20,59.68,14.92,Debit Card,East,5.0
TXN1017,2024-05-29,22.0,Female,Beauty & Health,2,37.03,0,74.06,29.62,Credit Card,North,3.0
TXN1018,2024-11-04,43.0,Male,Books,1,29.84,20,23.87,5.37,Debit Card,North,2.0
TXN1019,2024-09-14,35.0,Male,Fashion,1,44.04,20,35.23,9.69,Debit Card,West,3.0
TXN1020,2024-12-09,25.0,Female,Electronics,3,200.2,10,540.54,72.07,Debit Card,North,5.0
TXN1021,2024-10-20,31.0,Female,Books,2,18.63,5,35.4,12.3,Credit Card,West,4.0
TXN1022,2024-07-10,43.0,Male,Home & Kitchen,1,128.34,10,115.51,28.24,Credit Card,South,4.0
TXN1023,2024-10-03,36.0,Male,Fashion,1,41.59,20,33.27,9.15,Credit Card,West,2.0
TXN1024,2024-06-09,41.0,Male,Beauty & Health,2,34.98,10,62.96,20.98,UPI,East,4.0
TXN1025,2024-11-09,57.0,Male,Electronics,2,225.38,5,428.22,76.63,Credit Card,West,5.0
TXN1026,2024-01-22,,Male,Fashion,2,76.44,30,107.02,18.35,Cash on Delivery,South,5.0
TXN1027,2024-09-09,53.0,Male,Electronics,3,232.64,0,697.92,153.54,UPI,East,4.0
TXN1028,2024-08-23,36.0,Female,Fashion,1,99.71,0,99.71,41.88,Credit Card,South,2.0
TXN1029,2024-12-10,25.0,Female,Electronics,2,292.71,20,468.34,11.71,UPI,South,2.0
TXN1030,2024-02-18,20.0,Female,Electronics,2,88.25,10,158.85,21.18,UPI,East,1.0
TXN1031,2024-02-28,33.0,Male,Electronics,3,92.43,0,277.29,61.0,UPI,West,3.0
TXN1032,2024-06-18,45.0,Male,Home & Kitchen,1,178.99,5,170.04,48.33,UPI,West,3.0
TXN1033,2024-07-06,34.0,Male,Books,2,19.3,5,36.67,12.74,Cash on Delivery,East,3.0
TXN1034,2024-09-27,52.0,Female,Home & Kitchen,1,123.18,5,117.02,33.26,UPI,South,4.0
TXN1035,2024-07-08,19.0,Male,Beauty & Health,3,38.25,0,114.75,45.9,Cash on Delivery,South,5.0
TXN1036,2024-06-23,35.0,Male,Fashion,3,96.43,0,289.29,121.5,Debit Card,East,4.0
TXN1037,2024-02-20,21.0,Male,Fashion,5,82.14,5,390.16,151.95,Credit Card,North,5.0
TXN1038,2024-12-29,39.0,Male,Books,1,43.49,0,43.49,16.53,Cash on Delivery,North,5.0
TXN1039,2024-02-24,45.0,Female,ELECTRONICS,3,288.83,0,866.49,190.63,Credit Card,South,2.0
TXN1040,2024-08-31,30.0,Male,Beauty & Health,1,64.44,0,64.44,25.78,Debit Card,North,5.0
TXN1041,2024-11-15,18.0,Female,Electronics,5,288.26,5,1369.23,245.02,UPI,North,3.0
TXN1042,2024-05-10,37.0,Female,Beauty & Health,2,48.78,15,82.93,24.39,Debit Card,North,4.0
TXN1043,2024-11-02,40.0,Female,Electronics,5,358.22,20,1432.88,35.82,Debit Card,North,4.0
TXN1044,2024-05-14,39.0,Male,Beauty & Health,3,38.17,5,108.78,40.07,Debit Card,North,5.0
TXN1045,2024-01-21,49.0,Male,Fashion,6,86.9,5,495.33,192.92,Debit Card,West,3.0
TXN1046,2024-11-24,23.0,Male,Beauty & Health,15,67.09,0,2206.35,772.22,Credit Card,South,3.0
TXN1047,2024-06-15,42.0,Male,Electronics,1,132.45,20,105.96,2.65,Credit Card,South,5.0
TXN1048,2024-09-30,48.0,Male,Home & Kitchen,5,94.3,0,471.5,150.88,UPI,East,1.0
TXN1049,2024-03-29,18.0,Male,Beauty & Health,1,54.61,0,54.61,21.84,Credit Card,North,4.0
TXN1050,2024-11-11,,Female,Fashion,1,60.24,10,54.22,19.28,UPI,West,5.0
TXN1051,2024-01-14,29.0,Female,Home & Kitchen,1,113.41,10,102.07,24.95,Credit Card,East,5.0
TXN1052,2024-08-29,34.0,Female,Home & Kitchen,2,10.0,15,17.0,3.4,Cash on Delivery,North,5.0
TXN1053,2024-09-21,39.0,Female,Fashion,4,76.67,15,260.68,82.81,UPI,South,5.0
TXN1054,2024-12-11,30.0,Female,Home & Kitchen,3,170.84,0,512.52,164.01,Debit Card,West,2.0
TXN1055,2024-02-22,28.0,Female,Home & Kitchen,1,72.04,20,57.63,8.64,Credit Card,West,5.0
TXN1056,2024-12-05,35.0,Female,Beauty & Health,4,71.21,20,227.87,56.97,Debit Card,South,4.0
TXN1057,2024-04-01,23.0,Other,Electronics,1,382.21,0,382.21,84.09,Cash on Delivery,East,4.0
TXN1058,2024-09-20,23.0,Female,Fashion,1,37.34,5,35.47,13.81,UPI,North,2.0
TXN1059,2024-02-04,42.0,Female,Beauty & Health,1,63.35,15,53.85,15.84,UPI,West,4.0
TXN1060,2024-07-24,22.0,Female,Beauty & Health,2,41.12,5,78.13,28.79,Debit Card,North,5.0
TXN1061,2024-03-21,42.0,Male,Fashion,2,17.19,5,32.66,12.72,Credit Card,West,5.0
TXN1062,2024-02-19,40.0,Female,Home & Kitchen,1,107.25,0,107.25,34.32,UPI,East,4.0
TXN1063,2024-12-25,18.0,Female,Electronics,1,362.02,15,307.72,25.34,UPI,East,1.0
TXN1064,2024-01-02,28.0,Male,Electronics,2,289.52,25,434.28,-17.37,Credit Card,South,4.0
TXN1065,2024-02-23,48.0,Female,Fashion,2,71.6,20,114.56,31.5,UPI,North,5.0
TXN1066,2024-04-15,,Female,Fashion,1,96.81,5,91.97,35.82,Credit Card,North,5.0
TXN1067,2024-09-16,30.0,Female,Home & Kitchen,2,105.09,10,189.16,46.24,Credit Card,North,4.0
TXN1068,2024-11-05,40.0,Female,Electronics,1,288.4,30,201.88,-23.07,Credit Card,North,2.0
TXN1069,2024-07-09,44.0,Female,Beauty & Health,1,67.75,10,60.98,20.33,Cash on Delivery,East,4.0
TXN1070,2024-08-05,32.0,Female,Beauty & Health,2,54.03,0,108.06,43.22,UPI,South,4.0
TXN1071,2024-02-13,28.0,Male,Home & Kitchen,1,120.31,25,90.23,8.42,Cash on Delivery,North,5.0
TXN1072,2024-06-10,51.0,Male,Fashion,3,33.96,30,71.32,12.23,UPI,West,4.0
TXN1073,2024-07-20,54.0,Male,Fashion,1,17.3,0,17.3,7.27,Credit Card,West,4.0
TXN1074,2024-09-26,46.0,Female,Books,2,16.4,10,29.52,9.18,UPI,West,4.0
TXN1075,2024-12-16,36.0,Male,Home & Kitchen,1,132.26,10,119.03,29.09,UPI,West,2.0
TXN1076,2024-10-30,26.0,Female,Electronics,1,159.81,20,127.85,3.2,Credit Card,North,5.0
TXN1077,2024-09-27,26.0,Female,Beauty & Health,1,43.6,5,41.42,15.26,UPI,South,4.0
TXN1078,2024-08-02,41.0,Male,Books,3,38.26,5,109.04,37.88,Credit Card,East,4.0
TXN1079,2024-09-08,40.0,Female,Beauty & Health,4,22.21,0,88.84,35.54,UPI,East,4.0
TXN1080,2024-07-08,50.0,Female,Home & Kitchen,1,10.0,15,8.5,1.7,UPI,North,4.0
TXN1081,2024-10-22,42.0,Male,Home & Kitchen,2,93.54,5,177.73,50.52,Credit Card,East,4.0
TXN1082,2024-07-31,18.0,Male,Fashion,5,93.85,0,469.25,197.08,Credit Card,North,5.0
TXN1083,2024-07-26,47.0,Male,Beauty & Health,2,47.86,0,95.72,38.29,Debit Card,North,3.0
TXN1084,2024-08-24,24.0,Male,Books,2,29.49,5,56.03,19.46,UPI,South,4.0
TXN1085,2024-12-03,31.0,Other,Electronics,6,320.82,10,1732.43,230.99,Credit Card,South,2.0
TXN1086,2024-02-22,38.0,Female,Electronics,3,191.59,0,574.77,126.45,Cash on Delivery,South,4.0
TXN1087,2024-10-06,57.0,Female,fashion,2,40.93,25,61.39,13.91,Credit Card,North,1.0
TXN1088,2024-08-04,69.0,Female,Books,2,22.93,0,45.86,17.43,UPI,West,4.0
TXN1089,2024-09-08,42.0,Female,Beauty & Health,0,55.72,20,44.58,11.15,Cash on Delivery,North,5.0
TXN1090,2024-07-06,33.0,Female,Electronics,3,95.51,10,257.88,34.39,Credit Card,North,5.0
TXN1091,2024-02-10,41.0,Male,Home & Kitchen,1,55.13,5,52.37,14.88,Credit Card,West,4.0
TXN1092,2024-06-05,45.0,Male,Fashion,1,47.26,15,40.17,12.76,Credit Card,West,4.0
TXN1093,2024-01-15,31.0,Male,Beauty & Health,1,36.67,0,36.67,14.67,Credit Card,West,2.0
TXN1094,2024-10-27,55.0,Female,Books,1,27.04,20,21.63,4.87,Credit Card,East,4.0
TXN1095,2024-03-05,38.0,Male,Books,1,24.07,20,19.26,4.34,UPI,East,
TXN1096,2024-12-10,40.0,Male,Fashion,2,51.77,0,103.54,43.49,Credit Card,South,3.0
TXN1097,2024-11-22,42.0,Male,Fashion,5,108.87,0,544.35,228.63,UPI,North,4.0
TXN1098,2024-01-09,40.0,Female,Electronics,4,281.66,25,844.98,-33.8,Cash on Delivery,South,5.0
TXN1099,2024-12-09,44.0,Male,Electronics,2,300.27,5,570.51,102.09,Debit Card,South,5.0
TXN1100,2024-05-08,28.0,Female,Books,3,31.93,10,86.21,26.82,UPI,North,3.0
TXN1101,2024-05-15,29.0,Female,Books,3,17.67,20,42.41,9.54,Credit Card,East,4.0
TXN1102,2024-03-03,23.0,Female,Beauty & Health,1,72.27,20,57.82,14.46,UPI,South,3.0
TXN1103,2024-05-18,40.0,Male,Beauty & Health,2,63.01,5,119.72,44.11,UPI,North,2.0
TXN1104,2024-03-21,44.0,Male,Home & Kitchen,4,115.61,5,439.32,124.86,UPI,North,5.0
TXN1105,2024-06-11,40.0,Female,Books,2,24.43,5,46.42,16.13,Credit Card,East,5.0
TXN1106,2024-10-15,53.0,Female,Beauty & Health,2,63.28,5,120.23,44.29,Cash on Delivery,North,5.0
TXN1107,2024-09-17,35.0,Female,Books,3,24.06,5,68.57,23.82,UPI,West,1.0
TXN1108,2024-08-18,42.0,Female,Electronics,2,317.76,15,540.19,44.48,Credit Card,South,5.0
TXN1109,2024-02-10,23.0,Female,Fashion,3,61.76,5,176.02,68.56,UPI,South,4.0
TXN1110,2024-01-28,31.0,Female,Electronics,6,332.19,0,1993.14,438.49,UPI,South,4.0
TXN1111,2024-05-14,43.0,Male,Beauty & Health,2,69.74,0,139.48,55.79,Debit Card,West,4.0
TXN1112,2024-07-19,44.0,Female,Home & Kitchen,5,152.82,0,764.1,244.51,Debit Card,South,2.0
TXN1113,2024-11-23,32.0,Female,Electronics,15,163.62,10,3408.87,1193.1,Debit Card,East,5.0
TXN1114,2024-09-24,34.0,Female,Home & Kitchen,1,132.9,0,132.9,42.53,Credit Card,South,4.0
TXN1115,2024-02-02,18.0,Male,Home & Kitchen,3,97.97,20,235.13,35.27,UPI,North,3.0
TXN1116,2024-02-17,31.0,Male,Fashion,1,34.76,5,33.02,12.86,UPI,West,3.0
TXN1117,2024-03-02,45.0,Male,Electronics,1,374.38,0,374.38,82.36,Credit Card,East,3.0
TXN1118,2024-08-03,41.0,Female,Home & Kitchen,1,176.22,20,140.98,21.15,Credit Card,East,2.0
TXN1119,2024-10-19,41.0,Male,Fashion,5,77.28,5,367.08,142.97,Debit Card,West,4.0
TXN1120,2024-04-08,36.0,Female,Books,1,21.42,0,21.42,8.14,Credit Card,West,5.0
TXN1121,2024-06-20,35.0,Male,Fashion,1,17.27,10,15.54,5.52,UPI,East,
TXN1122,2024-12-25,28.0,Male,Books,1,38.18,15,32.45,8.78,Credit Card,West,1.0
TXN1123,2024-08-01,43.0,Male,Home & Kitchen,2,106.43,5,202.22,57.48,Credit Card,East,4.0
TXN1124,2024-02-04,40.0,Male,Home & Kitchen,6,108.5,10,585.9,143.22,Credit Card,East,5.0
TXN1125,2024-08-14,40.0,Male,Books,1,34.52,20,27.62,6.22,Cash on Delivery,East,4.0
TXN1126,2024-04-10,29.0,Female,Fashion,1,39.47,10,35.52,12.63,Debit Card,East,4.0
TXN1127,2024-05-10,18.0,Male,Electronics,3,271.08,15,691.25,56.92,Cash on Delivery,North,4.0
TXN1128,2024-09-13,47.0,Female,Electronics,1,225.75,0,225.75,49.66,UPI,West,3.0
TXN1129,2024-01-05,,Male,Books,1,23.89,20,19.11,4.3,Credit Card,West,1.0
TXN1130,2024-08-05,26.0,Female,Home & Kitchen,1,74.13,0,74.13,23.72,UPI,North,5.0
TXN1131,2024-09-11,43.0,Female,Home & Kitchen,1,10.0,5,9.5,2.7,UPI,West,4.0
TXN1132,2024-12-24,31.0,Female,Electronics,2,246.27,0,492.54,108.36,Debit Card,North,4.0
TXN1133,2024-10-09,47.0,Female,Electronics,3,399.58,0,1198.74,263.72,Credit Card,South,5.0
TXN1134,2024-07-25,42.0,Female,Electronics,1,308.19,5,292.78,52.39,UPI,East,4.0
TXN1135,2024-01-15,43.0,Male,Fashion,2,36.14,0,72.28,30.36,Credit Card,North,
TXN1136,2024-12-11,20.0,Female,Home & Kitchen,1,39.93,5,37.93,10.78,Credit Card,East,4.0
TXN1137,2024-02-11,48.0,Female,FASHION,2,41.36,5,78.58,30.6,Debit Card,West,2.0
TXN1138,2024-06-27,38.0,Male,Fashion,4,80.21,20,256.67,70.58,UPI,South,2.0
TXN1139,2024-03-03,31.0,Female,Beauty & Health,1,29.97,0,29.97,11.99,UPI,North,4.0
TXN1140,2024-12-17,37.0,Male,Fashion,2,46.19,20,73.9,20.32,UPI,North,5.0
TXN1141,2024-08-18,18.0,Male,Fashion,1,89.46,0,89.46,37.57,UPI,East,5.0
TXN1142,2024-08-28,39.0,Male,Books,3,30.22,5,86.13,29.92,Debit Card,West,4.0
TXN1143,2024-02-21,24.0,Male,Fashion,1,35.08,30,24.56,4.21,Cash on Delivery,East,3.0
TXN1144,2024-04-05,20.0,Female,Home & Kitchen,1,145.75,30,102.02,2.91,Cash on Delivery,North,2.0
TXN1145,2024-08-09,18.0,Male,Books,4,33.93,5,128.93,44.78,Debit Card,East,5.0
TXN1146,2024-08-18,47.0,Female,Beauty & Health,2,72.44,10,130.39,43.46,Credit Card,South,4.0
TXN1147,2024-08-24,28.0,Female,Electronics,1,141.85,10,127.66,17.02,UPI,East,4.0
TXN1148,2024-05-22,52.0,Male,Beauty & Health,4,16.8,0,67.2,26.88,UPI,North,5.0
TXN1149,2024-06-19,29.0,Female,Fashion,3,69.63,10,188.0,66.84,Credit Card,East,5.0
TXN1150,2024-01-29,18.0,Male,Electronics,3,318.29,0,954.87,210.07,Debit Card,South,5.0
TXN1151,2024-02-05,23.0,Male,Fashion,3,41.19,5,117.39,45.72,Credit Card,West,2.0
TXN1152,2024-01-13,49.0,Male,Beauty & Health,4,34.85,0,139.4,55.76,Cash on Delivery,South,5.0
TXN1153,2024-06-08,33.0,Male,Fashion,1,87.51,15,74.38,23.62,UPI,East,5.0
TXN1154,2024-11-22,29.0,Female,Fashion,2,76.28,10,137.3,48.82,UPI,West,3.0
TXN1155,2024-07-05,37.0,Female,Home & Kitchen,2,139.42,5,264.9,75.29,UPI,North,4.0
TXN1156,2024-08-30,41.0,Male,Electronics,3,440.36,0,1321.08,290.64,Cash on Delivery,West,4.0
TXN1157,2024-03-26,47.0,Female,Electronics,2,185.49,15,315.33,25.97,UPI,East,5.0
TXN1158,2024-10-10,51.0,Male,Electronics,1,348.17,0,348.17,76.6,UPI,North,1.0
TXN1159,2024-03-06,31.0,Male,Electronics,4,305.54,0,1222.16,268.88,Credit Card,North,4.0
TXN1160,2024-06-18,20.0,Male,Electronics,3,191.09,5,544.61,97.46,UPI,East,3.0
TXN1161,2024-02-14,30.0,Female,Electronics,1,350.14,10,315.13,42.02,Credit Card,North,5.0
TXN1162,2024-03-02,38.0,Female,Home & Kitchen,1,108.44,0,108.44,34.7,Debit Card,South,3.0
TXN1163,2024-05-13,24.0,Female,Electronics,2,183.62,0,367.24,80.79,UPI,South,3.0
TXN1164,2024-10-10,24.0,Female,Fashion,1,112.79,10,101.51,36.09,UPI,East,4.0
TXN1165,2024-01-28,,Male,Beauty & Health,2,47.77,10,85.99,28.67,Credit Card,North,5.0
TXN1166,2024-04-17,34.0,Female,Fashion,1,88.45,0,88.45,37.15,Credit Card,West,3.0
TXN1167,2024-02-13,35.0,Female,Home & Kitchen,4,43.26,5,164.39,46.72,Debit Card,West,3.0
TXN1168,2024-12-05,27.0,Female,Electronics,1,375.29,15,319.0,26.27,Credit Card,West,5.0
TXN1169,2024-10-12,32.0,Male,Electronics,2,300.61,20,480.98,12.03,Credit Card,East,4.0
TXN1170,2024-11-26,25.0,Male,Electronics,3,112.79,15,287.61,23.68,Credit Card,North,5.0
TXN1171,2024-05-07,45.0,Female,electronics,1,313.09,0,313.09,68.88,Cash on Delivery,East,
TXN1172,2024-12-13,46.0,Female,Electronics,1,293.33,0,293.33,64.53,Debit Card,North,4.0
TXN1173,2024-08-18,18.0,Female,Electronics,2,386.81,0,773.62,170.2,UPI,North,3.0
TXN1174,2024-07-08,25.0,Female,Electronics,3,409.27,5,1166.42,208.73,Credit Card,South,3.0
TXN1175,2024-08-12,19.0,Male,Electronics,1,339.89,0,339.89,74.78,Credit Card,South,4.0
TXN1176,2024-10-09,28.0,Male,Fashion,1,113.53,20,90.82,24.97,Debit Card,East,4.0
TXN1177,2024-04-30,34.0,Female,Electronics,1,300.83,5,285.79,51.14,UPI,East,5.0
TXN1178,2024-04-25,19.0,Female,Fashion,3,81.16,15,206.96,65.74,Credit Card,South,3.0
TXN1179,2024-08-20,25.0,Other,Fashion,1,42.09,0,42.09,17.68,Credit Card,North,4.0
TXN1180,2024-09-15,24.0,Female,Home & Kitchen,2,164.22,20,262.75,39.41,Credit Card,West,4.0
TXN1181,2024-12-24,37.0,Male,Electronics,2,287.16,0,574.32,126.35,UPI,South,5.0
TXN1182,2024-07-16,36.0,Female,Books,2,30.54,5,58.03,20.16,Debit Card,South,3.0
TXN1183,2024-05-16,27.0,Female,Home & Kitchen,1,47.54,0,47.54,15.21,Credit Card,North,3.0
TXN1184,2024-11-13,37.0,Female,Electronics,1,415.31,0,415.31,91.37,Credit Card,East,4.0
TXN1185,2024-06-13,29.0,Male,Books,4,39.19,30,109.73,12.54,Credit Card,East,4.0
TXN1186,2024-08-12,32.0,Male,Beauty & Health,2,10.0,15,17.0,5.0,Cash on Delivery,North,3.0
TXN1187,2024-11-02,53.0,Female,Electronics,1,171.37,15,145.66,11.99,Credit Card,North,5.0
TXN1188,2024-08-21,50.0,Female,Electronics,2,183.22,5,348.12,62.3,Debit Card,East,3.0
TXN1189,2024-06-20,21.0,Female,Books,1,28.39,10,25.55,7.95,UPI,East,5.0
TXN1190,2024-05-31,44.0,Female,Books,2,15.62,15,26.55,7.18,UPI,North,
TXN1191,2024-11-10,44.0,Female,Electronics,2,327.88,15,557.4,45.91,Credit Card,West,4.0
TXN1192,2024-06-08,22.0,Female,Electronics,2,312.55,0,625.1,137.52,Credit Card,North,5.0
TXN1193,2024-04-05,44.0,Male,Fashion,4,117.15,0,468.6,196.81,UPI,South,3.0
TXN1194,2024-08-20,52.0,Female,Fashion,1,39.63,25,29.72,6.73,Debit Card,West,5.0
TXN1195,2024-06-28,23.0,Female,Home & Kitchen,2,107.84,10,194.11,47.45,UPI,South,4.0
TXN1196,2024-04-22,25.0,Male,Fashion,-2,40.44,0,40.44,16.98,UPI,East,5.0
TXN1197,2024-11-13,46.0,Female,Fashion,2,69.9,0,139.8,58.72,Credit Card,South,4.0
TXN1198,2024-02-21,38.0,Male,Books,2,15.96,20,25.54,5.75,Cash on Delivery,North,3.0
TXN1199,2024-09-24,41.0,Female,Electronics,2,279.78,5,531.58,95.12,Debit Card,West,3.0
TXN1200,2024-10-21,39.0,Male,Electronics,1,226.97,10,204.27,27.23,Credit Card,South,3.0
TXN1201,2024-04-22,39.0,Male,Home & Kitchen,1,173.59,10,156.23,38.19,Cash on Delivery,West,2.0
TXN1202,2024-04-10,20.0,Male,Beauty & Health,2,53.61,0,107.22,42.89,UPI,North,3.0
TXN1203,2024-04-22,47.0,Other,Fashion,1,77.57,20,62.06,17.07,UPI,North,2.0
TXN1204,2024-03-21,48.0,Female,Fashion,1,109.91,5,104.41,40.66,Debit Card,North,4.0
TXN1205,2024-07-05,32.0,Male,Electronics,2,187.63,5,356.5,63.8,Debit Card,East,5.0
TXN1206,2024-04-22,35.0,Female,Fashion,3,95.75,10,258.53,91.92,UPI,South,3.0
TXN1207,2024-01-02,18.0,Female,Fashion,1,81.97,0,81.97,34.43,Credit Card,West,3.0
TXN1208,2024-05-09,41.0,Female,Electronics,2,267.67,25,401.5,-16.07,Credit Card,South,4.0
TXN1209,2024-08-07,41.0,Male,Electronics,1,226.56,10,203.9,27.18,Cash on Delivery,West,3.0
TXN1210,2024-02-23,34.0,Female,Fashion,1,60.86,10,54.77,19.47,Credit Card,North,2.0
TXN1211,2024-12-08,47.0,Male,Electronics,1,176.2,20,140.96,3.52,UPI,West,3.0
TXN1212,2024-08-11,31.0,Male,Fashion,1,22.82,5,21.68,8.44,UPI,East,5.0
TXN1213,2024-08-12,41.0,Male,Electronics,2,216.19,0,432.38,95.12,UPI,East,5.0
TXN1214,2024-05-05,24.0,Male,Fashion,3,113.83,25,256.12,58.06,UPI,West,4.0
TXN1215,2024-05-09,35.0,Female,Electronics,1,316.04,10,284.44,37.93,Cash on Delivery,East,4.0
TXN1216,2024-02-22,33.0,Female,Beauty & Health,2,46.97,10,84.55,28.19,Credit Card,East,4.0
TXN1217,2024-06-20,37.0,Female,Home & Kitchen,1,42.69,5,40.56,11.53,Credit Card,North,4.0
TXN1218,2024-08-05,31.0,Female,Home & Kitchen,1,69.04,15,58.68,11.73,Credit Card,North,4.0
TXN1219,2024-06-08,34.0,Female,Books,4,46.65,10,167.94,52.25,Cash on Delivery,West,4.0
TXN1220,2024-07-16,44.0,Female,Fashion,1,94.76,15,80.55,25.59,UPI,East,3.0
TXN1221,2024-09-03,30.0,Female,Electronics,2,206.54,20,330.46,8.26,Credit Card,East,1.0
TXN1222,2024-11-19,18.0,Male,Fashion,1,66.95,5,63.6,24.77,Debit Card,South,4.0
TXN1223,2024-07-21,54.0,Male,Home & Kitchen,2,107.04,10,192.67,47.1,Debit Card,North,5.0
TXN1224,2024-07-02,50.0,Female,Books,1,24.24,25,18.18,3.15,Debit Card,North,4.0
TXN1225,2024-05-02,21.0,Male,Fashion,3,77.64,0,232.92,97.83,Cash on Delivery,East,5.0
TXN1226,2024-09-11,43.0,Female,Electronics,2,414.02,10,745.24,99.37,Credit Card,South,5.0
TXN1227,2024-10-20,29.0,Female,Fashion,1,77.29,25,57.97,13.14,Debit Card,North,3.0
TXN1228,2024-10-06,38.0,Male,Fashion,1,79.24,20,63.39,17.43,UPI,South,4.0
TXN1229,2024-11-20,38.0,Female,Home & Kitchen,2,127.44,25,191.16,17.84,Debit Card,North,4.0
TXN1230,2024-04-07,32.0,Female,Home & Kitchen,2,10.0,10,18.0,4.4,Debit Card,South,5.0
TXN1231,2024-07-16,26.0,Other,Fashion,15,48.13,10,1849.76,647.42,Debit Card,North,5.0
TXN1232,2024-08-27,27.0,Male,Beauty & Health,1,38.95,0,38.95,15.58,UPI,East,4.0
TXN1233,2024-05-23,25.0,Male,Home & Kitchen,1,143.63,0,143.63,45.96,Credit Card,North,3.0
TXN1234,2024-04-06,26.0,Male,Electronics,2,298.7,0,597.4,131.43,UPI,South,5.0
TXN1235,2024-07-19,34.0,Male,Electronics,2,318.33,5,604.83,108.24,Cash on Delivery,North,2.0
TXN1236,2024-05-03,27.0,Female,Electronics,3,317.64,10,857.63,114.35,Cash on Delivery,North,5.0
TXN1237,2024-07-05,43.0,Female,Electronics,3,319.98,10,863.95,115.2,Credit Card,South,5.0
TXN1238,2024-11-21,51.0,Female,Electronics,1,379.12,25,284.34,-11.37,Credit Card,South,4.0
TXN1239,2024-12-14,29.0,Female,Electronics,1,484.52,10,436.07,58.14,Credit Card,East,4.0
TXN1240,2024-09-15,38.0,Male,Fashion,2,87.23,0,174.46,73.27,Debit Card,North,4.0
TXN1241,2024-05-27,40.0,Female,Electronics,3,293.1,10,791.37,105.52,Debit Card,East,4.0
TXN1242,2024-09-08,40.0,Male,Beauty & Health,1,35.79,10,32.21,10.74,Credit Card,West,4.0
TXN1243,2024-12-11,36.0,Male,Electronics,1,269.96,0,269.96,59.39,UPI,East,5.0
TXN1244,2024-05-26,43.0,Male,Fashion,1,44.88,5,42.64,16.61,Debit Card,North,5.0
TXN1245,2024-05-27,40.0,Male,Fashion,2,61.81,10,111.26,39.56,Debit Card,South,5.0
TXN1246,2024-12-17,21.0,Male,Beauty & Health,1,36.59,20,29.27,7.32,UPI,North,3.0
TXN1247,2024-07-17,45.0,Female,Electronics,1,281.69,0,281.69,61.97,UPI,North,5.0
TXN1248,2024-11-03,45.0,Male,FASHION,2,35.71,10,64.28,22.86,UPI,West,5.0
TXN1249,2024-05-07,27.0,Female,Beauty & Health,5,47.35,0,236.75,94.7,Credit Card,North,3.0
TXN1250,2024-02-08,35.0,Male,Books,1,35.24,0,35.24,13.39,UPI,South,2.0
TXN1251,2024-12-03,43.0,Female,Books,2,26.75,0,53.5,20.33,UPI,East,3.0
TXN1252,2024-12-25,33.0,Male,ELECTRONICS,5,159.69,20,638.76,15.97,Debit Card,East,5.0
TXN1253,2024-05-08,47.0,Male,Electronics,1,239.09,0,239.09,52.6,UPI,South,4.0
TXN1254,2024-09-23,61.0,Female,Home & Kitchen,1,101.25,10,91.12,22.27,Debit Card,North,5.0
TXN1255,2024-05-30,26.0,Female,Beauty & Health,6,34.24,15,174.62,51.36,Credit Card,South,3.0
TXN1256,2024-10-24,20.0,Other,Home & Kitchen,5,58.62,0,293.1,93.79,UPI,South,5.0
TXN1257,2024-04-08,38.0,Female,Home & Kitchen,1,149.11,0,149.11,47.72,Credit Card,North,1.0
TXN1258,2024-09-19,43.0,Male,Electronics,2,90.49,10,162.88,21.72,Credit Card,South,4.0
TXN1259,2024-09-08,32.0,Male,Books,1,21.98,0,21.98,8.35,Debit Card,North,4.0
TXN1260,2024-05-23,51.0,Female,Electronics,1,45.72,0,45.72,10.06,Cash on Delivery,North,3.0
TXN1261,2024-12-11,20.0,Female,Fashion,1,103.25,5,98.09,38.2,Credit Card,South,5.0
TXN1262,2024-04-21,43.0,Female,Fashion,1,81.62,0,81.62,34.28,UPI,North,3.0
TXN1263,2024-02-29,28.0,Male,Fashion,2,77.4,10,139.32,49.54,Debit Card,South,4.0
TXN1264,2024-01-02,54.0,Female,Electronics,2,231.82,25,347.73,-13.91,Credit Card,East,
TXN1265,2024-10-30,57.0,Male,Electronics,1,263.52,15,223.99,18.44,UPI,East,4.0
TXN1266,2024-09-10,27.0,Male,Home & Kitchen,6,95.73,0,574.38,183.8,Debit Card,North,2.0
TXN1267,2024-05-19,29.0,Male,Fashion,1,66.13,5,62.82,24.46,UPI,North,1.0
TXN1268,2024-02-06,44.0,Male,Home & Kitchen,1,112.05,30,78.43,2.24,Credit Card,North,5.0
TXN1269,2024-06-08,31.0,Other,Electronics,1,325.02,15,276.27,22.75,UPI,East,3.0
TXN1270,2024-01-09,35.0,Female,Fashion,2,51.66,10,92.99,33.06,Debit Card,East,5.0
TXN1271,2024-08-20,35.0,Male,Fashion,4,75.87,0,303.48,127.46,UPI,North,5.0
TXN1272,2024-04-08,18.0,Male,Electronics,2,322.79,0,645.58,142.03,Credit Card,West,3.0
TXN1273,2024-05-26,35.0,Male,Fashion,1,96.99,10,87.29,31.04,Debit Card,North,3.0
TXN1274,2024-10-30,27.0,Male,Electronics,6,80.49,0,482.94,106.25,Credit Card,South,4.0
TXN1275,2024-07-26,30.0,Female,Electronics,1,193.09,0,193.09,42.48,Debit Card,East,5.0
TXN1276,2024-05-10,51.0,Female,Beauty & Health,5,69.44,20,277.76,69.44,Credit Card,West,5.0
TXN1277,2024-05-31,21.0,Male,Fashion,2,50.46,10,90.83,32.3,Cash on Delivery,East,4.0
TXN1278,2024-02-23,44.0,Female,Books,1,13.26,5,12.6,4.38,UPI,East,5.0
TXN1279,2024-04-29,32.0,Male,Electronics,1,414.77,10,373.29,49.77,Credit Card,South,3.0
TXN1280,2024-06-09,32.0,Male,Home & Kitchen,2,184.31,10,331.76,81.1,Credit Card,East,5.0
TXN1281,2024-04-25,44.0,Female,Books,1,31.79,5,30.2,10.49,Credit Card,North,5.0
TXN1282,2024-03-15,39.0,Male,home & kitchen,3,77.5,10,209.25,51.15,Debit Card,West,3.0
TXN1283,2024-04-22,41.0,Female,Fashion,2,86.99,15,147.88,46.97,Cash on Delivery,South,3.0
TXN1284,2024-04-13,46.0,Male,Fashion,3,38.07,10,102.79,36.55,UPI,East,2.0
TXN1285,2024-12-05,31.0,Male,Fashion,1,37.21,5,35.35,13.77,UPI,South,3.0
TXN1286,2024-09-10,28.0,Male,Beauty & Health,2,44.46,10,80.03,26.68,Debit Card,East,5.0
TXN1287,2024-08-14,23.0,Female,Books,3,10.0,0,30.0,11.4,Cash on Delivery,South,4.0
TXN1288,2024-04-21,26.0,Female,Beauty & Health,2,44.52,25,66.78,13.36,UPI,East,2.0
TXN1289,2024-04-08,67.0,Male,Electronics,1,269.82,10,242.84,32.38,UPI,North,4.0
TXN1290,2024-06-01,49.0,Male,Home & Kitchen,2,58.03,5,110.26,31.34,UPI,North,5.0
TXN1291,2024-12-14,20.0,Male,Beauty & Health,1,59.38,0,59.38,23.75,UPI,North,4.0
TXN1292,2024-12-03,20.0,Female,Electronics,4,284.65,10,1024.74,136.63,Credit Card,North,4.0
TXN1293,2024-07-12,40.0,Female,Electronics,3,300.19,5,855.54,153.1,UPI,West,3.0
TXN1294,2024-11-05,41.0,Female,Books,3,34.04,20,81.7,18.39,UPI,North,5.0
TXN1295,2024-06-11,41.0,Male,Home & Kitchen,1,59.2,0,59.2,18.94,Debit Card,West,5.0
TXN1296,2024-07-26,32.0,Female,Books,1,27.87,5,26.48,9.2,Credit Card,South,3.0
TXN1297,2024-06-17,34.0,Female,Electronics,2,471.23,10,848.21,113.09,UPI,North,2.0
TXN1298,2024-06-09,39.0,Male,Books,1,38.31,0,38.31,14.56,UPI,East,2.0
TXN1299,2024-03-08,36.0,Female,Electronics,1,286.41,5,272.09,48.69,UPI,East,2.0
TXN1300,2024-10-15,18.0,Other,Electronics,1,163.58,15,139.04,11.45,Credit Card,South,4.0
TXN1301,2024-10-03,32.0,Male,Electronics,5,376.15,0,1880.75,413.76,UPI,South,5.0
TXN1302,2024-10-30,26.0,Male,Books,1,31.04,20,24.83,5.59,UPI,East,4.0
TXN1303,2024-05-14,37.0,Female,Home & Kitchen,2,202.15,15,343.65,68.73,UPI,North,5.0
TXN1304,2024-07-13,68.0,Female,Fashion,5,28.01,30,98.03,16.8,UPI,West,4.0
TXN1305,2024-05-07,39.0,Male,Fashion,4,40.67,0,162.68,68.33,UPI,West,5.0
TXN1306,2024-02-02,32.0,Male,Books,1,35.07,20,28.06,6.32,Debit Card,East,5.0
TXN1307,2024-06-24,45.0,Male,Fashion,1,44.4,20,35.52,9.77,Credit Card,North,3.0
TXN1308,2024-01-22,40.0,Female,Books,2,17.81,15,30.28,8.2,Debit Card,East,4.0
TXN1309,2024-08-25,40.0,Male,Fashion,3,84.55,5,240.97,93.85,UPI,North,4.0
TXN1310,2024-06-06,42.0,Male,Fashion,1,45.23,0,45.23,19.0,Credit Card,North,2.0
TXN1311,2024-02-07,58.0,Male,Fashion,5,65.85,5,312.79,121.82,Credit Card,North,4.0
TXN1312,2024-08-17,23.0,Male,Fashion,3,67.78,15,172.84,54.9,Credit Card,South,4.0
TXN1313,2024-12-30,40.0,Male,Books,2,15.14,15,25.74,6.97,Debit Card,West,5.0
TXN1314,2024-02-20,25.0,Male,Fashion,2,57.9,0,115.8,48.64,Debit Card,East,4.0
TXN1315,2024-09-20,41.0,Female,Electronics,2,101.96,10,183.53,24.47,Debit Card,East,5.0
TXN1316,2024-10-09,25.0,Female,Beauty & Health,3,45.7,0,137.1,54.84,UPI,South,4.0
TXN1317,2024-01-27,30.0,Female,Fashion,1,26.43,15,22.47,7.14,UPI,South,5.0
TXN1318,2024-08-13,32.0,Female,Home & Kitchen,4,84.69,5,321.82,91.46,Credit Card,South,4.0
TXN1319,2024-10-03,46.0,Female,Beauty & Health,4,51.32,0,205.28,82.11,Credit Card,West,5.0
TXN1320,2024-10-12,45.0,Female,Home & Kitchen,5,120.67,5,573.18,162.9,UPI,North,4.0
TXN1321,2024-04-06,21.0,Female,Electronics,2,235.28,0,470.56,103.52,Credit Card,West,4.0
TXN1322,2024-10-10,36.0,Female,Beauty & Health,1,42.26,5,40.15,14.79,Credit Card,South,4.0
TXN1323,2024-11-12,27.0,Male,Home & Kitchen,1,120.35,20,96.28,14.44,UPI,South,4.0
TXN1324,2024-10-30,21.0,Male,Fashion,4,70.32,15,239.09,75.95,Debit Card,East,3.0
TXN1325,2024-05-26,33.0,Female,Electronics,5,320.03,15,1360.13,112.01,Cash on Delivery,South,2.0
TXN1326,2024-01-04,32.0,Male,Books,1,16.74,10,15.07,4.69,Cash on Delivery,West,1.0
TXN1327,2024-02-04,62.0,Male,Home & Kitchen,1,116.42,5,110.6,31.43,UPI,West,5.0
TXN1328,2024-07-10,40.0,Female,Fashion,3,120.31,20,288.74,79.4,UPI,South,3.0
TXN1329,2024-02-18,20.0,Female,Beauty & Health,3,62.89,15,160.37,47.17,UPI,North,3.0
TXN1330,2024-01-17,29.0,Male,Books,5,12.42,5,58.99,20.49,Debit Card,South,5.0
TXN1331,2024-06-20,46.0,Male,Electronics,2,372.65,5,708.03,126.7,Credit Card,West,4.0
TXN1332,2024-08-07,58.0,Male,Fashion,4,86.81,0,347.24,145.84,UPI,North,4.0
TXN1333,2024-06-06,18.0,Female,ELECTRONICS,2,286.59,20,458.54,11.46,Debit Card,East,3.0
TXN1334,2024-02-15,18.0,Female,Books,1,23.5,0,23.5,8.93,UPI,East,5.0
TXN1335,2024-01-06,56.0,Female,Electronics,1,296.08,15,251.67,20.73,UPI,East,5.0
TXN1336,2024-04-08,39.0,Female,Home & Kitchen,2,159.17,10,286.51,70.04,UPI,North,5.0
TXN1337,2024-08-20,25.0,Female,Books,3,37.75,15,96.26,26.04,Credit Card,East,4.0
TXN1338,2024-02-06,41.0,Female,Books,1,23.48,20,18.78,4.22,UPI,West,5.0
TXN1339,2024-10-06,18.0,Male,Fashion,1,95.45,20,76.36,21.0,Credit Card,North,3.0
TXN1340,2024-12-14,,Male,Books,3,35.57,0,106.71,40.55,Credit Card,North,1.0
TXN1341,2024-10-28,39.0,Female,Electronics,1,363.98,25,272.99,-10.91,Credit Card,West,1.0
TXN1342,2024-06-29,45.0,Male,Books,2,22.77,10,40.99,12.76,Debit Card,North,4.0
TXN1343,2024-04-04,24.0,Female,Electronics,5,197.53,5,938.27,167.9,Credit Card,West,4.0
TXN1344,2024-04-08,36.0,Female,Fashion,3,44.08,5,125.63,48.93,UPI,South,4.0
TXN1345,2024-07-06,25.0,Female,Books,1,29.24,5,27.78,9.65,Credit Card,North,1.0
TXN1346,2024-04-25,38.0,Male,Electronics,15,283.55,10,5027.93,1759.78,Cash on Delivery,West,4.0
TXN1347,2024-07-09,25.0,Other,Electronics,2,371.14,10,668.05,89.07,Credit Card,South,5.0
TXN1348,2024-09-09,31.0,Male,Home & Kitchen,1,103.67,30,72.57,2.07,UPI,South,4.0
TXN1349,2024-06-09,24.0,Female,Home & Kitchen,2,102.74,10,184.93,45.2,Debit Card,South,5.0
TXN1350,2024-09-12,42.0,Male,Home & Kitchen,1,105.75,5,100.46,28.55,Debit Card,South,3.0
TXN1351,2024-11-18,44.0,Female,Home & Kitchen,3,85.12,10,229.82,56.18,Credit Card,North,5.0
TXN1352,2024-05-07,32.0,Male,Home & Kitchen,1,133.31,10,119.98,29.33,Debit Card,South,4.0
TXN1353,2024-01-18,35.0,Male,Electronics,2,357.22,5,678.72,121.46,UPI,West,3.0
TXN1354,2024-10-07,19.0,Female,Fashion,2,44.3,30,62.02,10.63,UPI,North,3.0
TXN1355,2024-08-10,32.0,Male,Electronics,1,351.39,0,351.39,77.31,Credit Card,East,4.0
TXN1356,2024-02-23,34.0,Male,Beauty & Health,1,43.17,5,41.01,15.11,Credit Card,South,5.0
TXN1357,2024-02-27,64.0,Female,Home & Kitchen,1,81.41,0,81.41,26.05,Debit Card,East,4.0
TXN1358,2024-11-18,23.0,Male,Fashion,3,78.03,25,175.57,39.8,UPI,North,3.0
TXN1359,2024-12-25,51.0,Female,Fashion,2,40.12,5,76.23,29.69,UPI,West,5.0
TXN1360,2024-06-22,46.0,Male,Beauty & Health,1,42.28,10,38.05,12.68,Debit Card,South,4.0
TXN1361,2024-10-06,38.0,Male,Electronics,1,227.27,30,159.09,-18.18,Debit Card,North,4.0
TXN1362,2024-04-23,54.0,Male,Home & Kitchen,1,123.16,0,123.16,39.41,Credit Card,North,4.0
TXN1363,2024-10-14,39.0,Male,Fashion,1,96.32,5,91.5,35.63,UPI,North,3.0
TXN1364,2024-12-07,39.0,Male,Home & Kitchen,2,92.07,10,165.73,40.51,Credit Card,South,
TXN1365,2024-05-30,34.0,Female,Electronics,2,304.96,30,426.94,-48.8,Debit Card,South,4.0
TXN1366,2024-05-06,48.0,Male,Books,3,24.78,0,74.34,28.25,UPI,West,5.0
TXN1367,2024-06-03,47.0,Female,Beauty & Health,4,48.39,0,193.56,77.42,Cash on Delivery,South,4.0
TXN1368,2024-09-29,28.0,Male,Home & Kitchen,3,110.7,5,315.5,89.67,Credit Card,North,4.0
TXN1369,2024-04-13,20.0,Female,Home & Kitchen,1,136.59,20,109.27,16.39,Credit Card,East,4.0
TXN1370,2024-10-25,33.0,Female,Beauty & Health,1,36.71,5,34.87,12.84,Credit Card,East,5.0
TXN1371,2024-09-02,26.0,Male,Home & Kitchen,1,78.72,0,78.72,25.19,Credit Card,North,5.0
TXN1372,2024-06-24,34.0,Female,Electronics,2,211.63,5,402.1,71.96,Credit Card,North,4.0
TXN1373,2024-02-08,49.0,Male,Home & Kitchen,4,36.75,20,117.6,17.64,Cash on Delivery,North,5.0
TXN1374,2024-06-18,,Female,Home & Kitchen,2,60.86,5,115.63,32.86,Credit Card,East,4.0
TXN1375,2024-09-03,35.0,Female,Fashion,1,61.24,5,58.18,22.66,Credit Card,East,4.0
TXN1376,2024-01-26,36.0,Male,Home & Kitchen,1,96.93,15,82.39,16.48,Debit Card,South,3.0
TXN1377,2024-12-20,44.0,Female,Beauty & Health,1,49.75,0,49.75,19.9,UPI,West,4.0
TXN1378,2024-11-01,18.0,Female,Beauty & Health,4,31.72,0,126.88,50.75,Debit Card,East,3.0
TXN1379,2024-01-13,28.0,Male,Fashion,1,69.53,25,52.15,11.82,Credit Card,South,5.0
TXN1380,2024-11-11,37.0,Female,Electronics,1,397.3,20,317.84,7.95,UPI,West,4.0
TXN1381,2024-11-08,48.0,Male,Beauty & Health,1,48.86,10,43.97,14.65,Credit Card,North,5.0
TXN1382,2024-02-05,,Female,Books,3,22.59,25,50.83,8.81,Credit Card,North,4.0
TXN1383,2024-06-21,18.0,Female,Electronics,1,265.21,5,251.95,45.09,Cash on Delivery,North,4.0
TXN1384,2024-01-20,42.0,Male,Beauty & Health,1,48.18,5,45.77,16.86,Credit Card,North,4.0
TXN1385,2024-11-16,28.0,Female,Books,2,12.83,0,25.66,9.75,UPI,South,2.0
TXN1386,2024-09-20,22.0,Female,Fashion,1,68.99,10,62.09,22.08,UPI,West,4.0
TXN1387,2024-05-21,28.0,Female,Home & Kitchen,2,136.2,0,272.4,87.17,Credit Card,North,2.0
TXN1388,2024-05-22,33.0,Female,Fashion,2,85.27,0,170.54,71.63,Cash on Delivery,North,4.0
TXN1389,2024-04-01,28.0,Male,Electronics,1,166.2,5,157.89,28.25,Credit Card,South,4.0
TXN1390,2024-12-19,18.0,Female,Fashion,5,20.17,25,75.64,17.15,UPI,West,5.0
TXN1391,2024-11-17,45.0,Male,Books,1,21.17,5,20.11,6.98,Cash on Delivery,North,3.0
TXN1392,2024-10-14,49.0,Male,Electronics,5,268.86,0,1344.3,295.75,UPI,South,3.0
TXN1393,2024-08-02,42.0,Female,Fashion,6,55.0,5,313.5,122.1,Cash on Delivery,North,4.0
TXN1394,2024-12-07,22.0,Male,Fashion,3,71.73,5,204.43,79.62,Credit Card,North,5.0
TXN1395,2024-02-20,33.0,Female,Fashion,1,35.6,25,26.7,6.05,UPI,West,5.0
TXN1396,2024-06-01,35.0,Male,Beauty & Health,4,52.31,20,167.39,41.85,Credit Card,West,4.0
TXN1397,2024-07-04,42.0,Female,Fashion,1,94.55,5,89.82,34.98,Debit Card,North,4.0
TXN1398,2024-03-03,42.0,Male,Fashion,1,77.02,10,69.32,24.65,Cash on Delivery,West,2.0
TXN1399,2024-07-08,27.0,Male,Home & Kitchen,2,71.2,15,121.04,24.21,Credit Card,East,5.0
TXN1400,2024-05-04,36.0,Female,Fashion,1,55.06,0,55.06,23.13,UPI,West,4.0
TXN1401,2024-05-29,40.0,Male,Electronics,1,224.71,10,202.24,26.97,Credit Card,South,3.0
TXN1402,2024-11-09,51.0,Male,Fashion,2,47.26,15,80.34,25.52,UPI,South,4.0
TXN1403,2024-02-27,43.0,Female,Electronics,1,378.18,10,340.36,45.38,UPI,South,2.0
TXN1404,2024-12-07,44.0,Female,Electronics,3,238.34,0,715.02,157.3,Cash on Delivery,East,5.0
TXN1405,2024-10-31,36.0,Male,Fashion,1,97.4,15,82.79,26.3,UPI,North,3.0
TXN1406,2024-06-28,51.0,Male,Fashion,1,37.32,0,37.32,15.67,Credit Card,North,4.0
TXN1407,2024-06-18,40.0,Male,Beauty & Health,1,24.06,0,24.06,9.62,Credit Card,North,3.0
TXN1408,2024-11-21,,Male,Fashion,1,79.78,5,75.79,29.52,Credit Card,East,5.0
TXN1409,2024-09-27,50.0,Male,HOME & KITCHEN,1,109.72,5,104.23,29.62,Credit Card,North,5.0
TXN1410,2024-02-23,43.0,Male,Home & Kitchen,5,101.38,0,506.9,162.21,Credit Card,East,4.0
TXN1411,2024-04-10,30.0,Female,Electronics,15,308.76,10,5368.26,1878.89,Debit Card,West,4.0
TXN1412,2024-09-20,30.0,Female,Home & Kitchen,2,176.14,0,352.28,112.73,UPI,North,5.0
TXN1413,2024-02-22,38.0,Male,Electronics,3,181.24,5,516.53,92.43,UPI,East,2.0
TXN1414,2024-02-29,40.0,Male,Beauty & Health,5,22.85,15,97.11,28.56,Credit Card,South,4.0
TXN1415,2024-04-17,37.0,Female,Electronics,1,365.5,5,347.22,62.13,Debit Card,West,3.0
TXN1416,2024-01-05,38.0,Female,Fashion,2,71.08,0,142.16,59.71,Debit Card,North,5.0
TXN1417,2024-04-12,54.0,Male,Electronics,2,307.15,5,583.58,104.43,Credit Card,East,4.0
TXN1418,2024-07-14,47.0,Male,Beauty & Health,5,47.63,5,226.24,83.35,Debit Card,West,5.0
TXN1419,2024-09-18,37.0,Female,Fashion,4,10.1,10,36.36,12.93,UPI,West,4.0
TXN1420,2024-12-30,45.0,Female,Home & Kitchen,3,103.52,15,263.98,52.8,Credit Card,East,3.0
TXN1421,2024-12-15,24.0,Female,Electronics,4,208.01,5,790.44,141.45,UPI,South,3.0
TXN1422,2024-02-16,39.0,Female,Books,3,10.0,25,22.5,3.9,UPI,East,3.0
TXN1423,2024-12-20,55.0,Female,Electronics,3,405.41,20,972.98,24.32,Credit Card,West,4.0
TXN1424,2024-11-06,33.0,Female,Beauty & Health,1,55.66,0,55.66,22.26,Cash on Delivery,South,3.0
TXN1425,2024-11-03,26.0,Male,Electronics,2,430.22,15,731.37,60.23,Debit Card,North,1.0
TXN1426,2024-05-23,28.0,Female,Electronics,1,195.17,10,175.65,23.42,UPI,West,5.0
TXN1427,2024-09-25,23.0,Male,Electronics,2,332.73,0,665.46,146.4,UPI,East,5.0
TXN1428,2024-05-03,26.0,Male,Fashion,1,46.58,15,39.59,12.57,UPI,East,4.0
TXN1429,2024-04-15,31.0,Female,Home & Kitchen,5,50.04,15,212.67,42.53,UPI,North,4.0
TXN1430,2024-06-06,20.0,Male,electronics,5,271.73,5,1290.72,230.97,UPI,East,1.0
TXN1431,2024-05-26,35.0,Female,Books,2,34.5,15,58.65,15.87,Credit Card,South,4.0
TXN1432,2024-05-24,45.0,Male,Fashion,1,63.51,5,60.33,23.49,UPI,East,5.0
TXN1433,2024-04-29,25.0,Female,Fashion,1,58.43,0,58.43,24.54,Debit Card,North,3.0
TXN1434,2024-11-14,52.0,Male,Fashion,6,56.59,0,339.54,142.61,UPI,East,3.0
TXN1435,2024-10-01,41.0,Male,Fashion,2,89.01,0,178.02,74.77,Credit Card,West,5.0
TXN1436,2024-04-01,46.0,Female,Home & Kitchen,3,128.5,10,346.95,84.81,Debit Card,North,4.0
TXN1437,2024-02-27,28.0,Female,Electronics,6,359.88,10,1943.35,259.11,Credit Card,West,1.0
TXN1438,2024-12-11,,Male,Electronics,1,348.48,10,313.63,41.82,Credit Card,South,4.0
TXN1439,2024-08-16,23.0,Male,Books,3,21.51,10,58.08,18.07,Credit Card,West,3.0
TXN1440,2024-04-26,45.0,Female,Beauty & Health,1,33.41,10,30.07,10.02,Credit Card,East,4.0
TXN1441,2024-11-13,37.0,Male,Fashion,4,54.69,0,218.76,91.88,Debit Card,South,5.0
TXN1442,2024-10-05,41.0,Female,Electronics,3,362.21,20,869.3,21.73,UPI,East,5.0
TXN1443,2024-05-06,22.0,Male,Home & Kitchen,1,98.8,15,83.98,16.8,Credit Card,West,4.0
TXN1444,2024-05-08,25.0,Female,Fashion,2,33.02,10,59.44,21.14,Debit Card,South,5.0
TXN1445,2024-02-27,42.0,Male,Electronics,1,227.74,5,216.35,38.71,Debit Card,South,4.0
TXN1446,2024-05-01,25.0,Female,Electronics,2,224.98,20,359.97,9.0,Debit Card,East,5.0
TXN1447,2024-01-01,40.0,Female,Home & Kitchen,5,80.73,15,343.1,68.62,Credit Card,East,4.0
TXN1448,2024-08-26,20.0,Female,Home & Kitchen,5,185.62,10,835.29,204.18,UPI,East,5.0
TXN1449,2024-10-16,44.0,Female,Electronics,1,225.26,10,202.73,27.03,Cash on Delivery,East,5.0
TXN1450,2024-04-05,21.0,Male,Electronics,2,312.68,10,562.82,75.04,Debit Card,South,2.0
TXN1451,2024-05-05,41.0,Female,Electronics,2,244.25,25,366.38,-14.65,Credit Card,East,5.0
TXN1452,2024-04-27,42.0,Male,Home & Kitchen,3,65.91,25,148.3,13.84,Credit Card,North,5.0
TXN1453,2024-02-17,27.0,Female,Electronics,1,325.56,10,293.0,39.06,UPI,South,5.0
TXN1454,2024-03-29,41.0,Female,Electronics,2,410.26,10,738.47,98.46,Cash on Delivery,North,3.0
TXN1455,2024-08-24,38.0,Female,Books,1,56.52,10,50.87,15.83,UPI,South,5.0
TXN1456,2024-09-28,29.0,Female,Electronics,1,178.89,15,152.06,12.53,UPI,South,5.0
TXN1457,2024-07-07,24.0,Female,Home & Kitchen,2,186.94,5,355.19,100.95,Credit Card,South,3.0
TXN1458,2024-07-10,18.0,Female,Electronics,2,210.28,5,399.53,71.49,UPI,East,5.0
TXN1459,2024-03-09,39.0,Male,Electronics,3,94.14,0,282.42,62.13,Debit Card,South,1.0
TXN1460,2024-10-04,18.0,Female,Electronics,2,282.56,5,536.86,96.07,UPI,South,3.0
TXN1461,2024-12-14,36.0,Male,Home & Kitchen,2,175.74,0,351.48,112.47,Debit Card,North,4.0
TXN1462,2024-09-03,32.0,Male,Books,6,28.61,10,154.49,48.06,Cash on Delivery,South,4.0
TXN1463,2024-03-16,42.0,Female,Books,2,11.33,5,21.53,7.48,Credit Card,North,4.0
TXN1464,2024-06-02,32.0,Female,Fashion,1,79.81,0,79.81,33.52,UPI,North,1.0
TXN1465,2024-05-23,31.0,Male,Home & Kitchen,1,90.47,10,81.42,19.9,Credit Card,East,5.0
TXN1466,2024-03-26,43.0,Male,Electronics,3,337.0,0,1011.0,222.42,Debit Card,East,1.0
TXN1467,2024-07-03,39.0,Male,Fashion,1,40.38,0,40.38,16.96,UPI,East,3.0
TXN1468,2024-10-11,38.0,Female,Beauty & Health,3,47.98,0,143.94,57.58,UPI,South,1.0
TXN1469,2024-08-07,40.0,Male,Electronics,4,272.88,5,1036.94,185.55,Debit Card,South,4.0
TXN1470,2024-03-09,18.0,Male,Electronics,2,227.88,0,455.76,100.27,UPI,West,5.0
TXN1471,2024-02-16,,Male,Electronics,2,475.29,5,903.05,161.6,Cash on Delivery,South,4.0
TXN1472,2024-04-03,42.0,Other,Electronics,1,151.87,0,151.87,33.41,UPI,South,5.0
TXN1473,2024-08-25,24.0,Female,Electronics,3,209.7,25,471.83,-18.87,Credit Card,North,1.0
TXN1474,2024-07-22,32.0,Female,Home & Kitchen,6,99.61,20,478.13,71.72,UPI,South,4.0
TXN1475,2024-08-05,35.0,Male,Fashion,1,104.96,10,94.46,33.58,Debit Card,South,4.0
TXN1476,2024-12-06,34.0,Male,Beauty & Health,2,57.03,10,102.65,34.21,Credit Card,South,
TXN1477,2024-02-08,39.0,Female,Books,1,16.91,25,12.68,2.2,Debit Card,South,2.0
TXN1478,2024-04-09,51.0,Female,Fashion,1,88.92,10,80.03,28.46,Cash on Delivery,South,4.0
TXN1479,2024-10-15,47.0,Female,Electronics,2,298.43,0,596.86,131.31,Credit Card,East,4.0
TXN1480,2024-09-10,21.0,Female,Fashion,1,84.15,20,67.32,18.51,Cash on Delivery,East,5.0
TXN1481,2024-08-09,42.0,Male,Home & Kitchen,1,138.03,0,138.03,44.17,Credit Card,East,4.0
TXN1482,2024-12-22,50.0,Male,Electronics,5,533.32,5,2533.27,453.32,Credit Card,East,3.0
TXN1483,2024-01-23,39.0,Female,Home & Kitchen,2,80.48,25,120.72,11.27,Credit Card,West,4.0
TXN1484,2024-09-06,47.0,Female,Fashion,2,69.53,0,139.06,58.41,Cash on Delivery,North,3.0
TXN1485,2024-01-10,57.0,Female,Home & Kitchen,1,168.49,20,134.79,20.22,UPI,North,5.0
TXN1486,2024-09-02,46.0,Female,Fashion,2,76.22,20,121.95,33.53,Credit Card,North,4.0
TXN1487,2024-11-20,38.0,Male,Fashion,1,41.23,0,41.23,17.32,UPI,East,
TXN1488,2024-04-09,46.0,Other,Beauty & Health,4,49.78,15,169.25,49.78,UPI,West,5.0
TXN1489,2024-10-16,37.0,Male,Books,1,13.11,15,11.14,3.01,Credit Card,North,4.0
TXN1490,2024-06-28,35.0,Female,Electronics,2,374.86,0,749.72,164.94,Cash on Delivery,West,2.0
TXN1491,2024-08-10,31.0,Male,Books,1,20.54,10,18.49,5.76,Debit Card,North,4.0
TXN1492,2024-09-06,52.0,Male,Fashion,1,67.83,30,47.48,8.14,UPI,West,3.0
TXN1493,2024-05-26,26.0,Male,Beauty & Health,1,39.17,15,33.29,9.79,Cash on Delivery,South,5.0
TXN1494,2024-04-05,52.0,Female,Books,2,21.94,10,39.49,12.28,UPI,North,5.0
TXN1495,2024-09-13,40.0,Female,Fashion,4,97.78,0,391.12,164.27,Cash on Delivery,South,5.0
TXN1496,2024-11-20,20.0,Female,Electronics,2,259.81,20,415.7,10.4,UPI,North,4.0
TXN1497,2024-01-04,39.0,Female,Electronics,1,382.56,25,286.92,-11.48,UPI,North,4.0
TXN1498,2024-01-16,18.0,Female,Home & Kitchen,3,94.51,25,212.65,19.85,Credit Card,North,5.0
TXN1499,2024-10-06,42.0,Female,Home & Kitchen,5,66.06,5,313.78,89.18,Cash on Delivery,East,3.0
TXN1500,2024-12-01,45.0,Female,Electronics,1,407.85,15,346.67,28.55,UPI,South,4.0
TXN1501,2024-09-03,28.0,Male,Electronics,3,333.59,0,1000.77,220.17,Credit Card,North,4.0
TXN1502,2024-09-14,36.0,Female,Books,1,19.1,5,18.14,6.3,Credit Card,East,2.0
TXN1503,2024-06-08,56.0,Female,Beauty & Health,6,65.27,5,372.04,137.07,UPI,East,4.0
TXN1504,2024-12-05,29.0,Male,Fashion,3,87.15,5,248.38,96.74,UPI,North,
TXN1505,2024-05-31,23.0,Male,Electronics,5,261.97,0,1309.85,288.17,Debit Card,South,5.0
TXN1506,2024-06-26,51.0,Male,Electronics,1,300.87,15,255.74,21.06,Cash on Delivery,North,2.0
TXN1507,2024-06-11,57.0,Other,Electronics,2,420.29,15,714.49,58.84,Credit Card,North,2.0
TXN1508,2024-02-02,35.0,Male,Beauty & Health,1,22.04,0,22.04,8.82,Debit Card,East,3.0
TXN1509,2024-06-27,46.0,Male,Electronics,1,258.16,5,245.25,43.89,Credit Card,North,5.0
TXN1510,2024-04-10,50.0,Female,Home & Kitchen,1,34.4,0,34.4,11.01,Debit Card,South,2.0
TXN1511,2024-09-24,27.0,Female,Electronics,1,366.2,10,329.58,43.94,Debit Card,East,5.0
TXN1512,2024-11-18,30.0,Female,Home & Kitchen,2,118.3,5,224.77,63.88,UPI,North,2.0
TXN1513,2024-03-05,49.0,Female,Home & Kitchen,2,80.59,0,161.18,51.58,Debit Card,South,4.0
TXN1514,2024-06-16,54.0,Female,Books,2,41.56,10,74.81,23.28,Credit Card,North,4.0
TXN1515,2024-11-25,41.0,Male,Electronics,6,270.03,5,1539.17,275.43,UPI,West,5.0
TXN1516,2024-02-12,25.0,Male,Electronics,2,245.06,20,392.1,9.81,Debit Card,South,3.0
TXN1517,2024-02-13,57.0,Male,Electronics,3,335.7,20,805.68,20.14,UPI,East,4.0
TXN1518,2024-10-11,29.0,Female,Beauty & Health,2,69.58,10,125.24,41.74,UPI,South,3.0
TXN1519,2024-01-12,31.0,Male,Books,2,28.88,0,57.76,21.95,UPI,North,5.0
TXN1520,2024-04-04,39.0,Male,Home & Kitchen,4,106.21,10,382.36,93.47,Debit Card,East,5.0
TXN1521,2024-10-28,52.0,Female,Home & Kitchen,15,113.44,20,2561.2799999999997,896.45,Credit Card,West,2.0
TXN1522,2024-09-09,44.0,Male,Home & Kitchen,1,80.12,20,64.1,9.62,Credit Card,East,
TXN1523,2024-08-29,40.0,Female,Electronics,6,221.52,10,1196.21,159.5,Debit Card,East,4.0
TXN1524,2024-02-04,40.0,Female,Beauty & Health,1,46.26,10,41.63,13.87,Debit Card,West,
TXN1525,2024-08-02,35.0,Male,Fashion,1,54.18,0,54.18,22.76,Credit Card,North,4.0
TXN1526,2024-12-02,41.0,Female,Fashion,1,84.85,15,72.12,22.91,Credit Card,North,3.0
TXN1527,2024-03-30,18.0,Female,Fashion,1,26.43,5,25.11,9.78,Credit Card,East,5.0
TXN1528,2024-09-20,32.0,Male,Electronics,5,265.54,5,1261.32,225.71,Credit Card,South,5.0
TXN1529,2024-04-02,,Male,Electronics,1,279.16,20,223.33,5.59,UPI,West,2.0
TXN1530,2024-03-30,,Female,Home & Kitchen,2,122.28,15,207.88,41.58,Debit Card,West,4.0
TXN1531,2024-04-24,39.0,Female,Electronics,1,305.05,0,305.05,67.11,UPI,South,5.0
TXN1532,2024-04-14,33.0,Female,Home & Kitchen,1,89.63,0,89.63,28.68,UPI,North,5.0
TXN1533,2024-07-14,54.0,Male,Electronics,2,236.91,10,426.44,56.86,UPI,East,4.0
TXN1534,2024-11-09,52.0,Female,Fashion,2,73.99,0,147.98,62.15,Debit Card,North,5.0
TXN1535,2024-04-23,30.0,Female,Fashion,2,74.89,10,134.8,47.93,UPI,West,4.0
TXN1536,2024-03-15,33.0,Male,Fashion,2,71.59,5,136.02,52.98,Cash on Delivery,South,4.0
TXN1537,2024-08-04,34.0,Male,Home & Kitchen,5,153.89,25,577.09,53.86,UPI,East,5.0
TXN1538,2024-10-03,30.0,Female,Fashion,2,25.86,10,46.55,16.55,Credit Card,North,4.0
TXN1539,2024-09-05,37.0,Male,Home & Kitchen,1,119.75,5,113.76,32.33,UPI,East,4.0
TXN1540,2024-06-12,27.0,Male,Fashion,1,37.74,30,26.42,4.53,Credit Card,South,4.0
TXN1541,2024-12-22,23.0,Female,Home & Kitchen,1,114.42,0,114.42,36.61,UPI,South,5.0
TXN1542,2024-07-10,42.0,Female,Beauty & Health,2,35.61,10,64.1,21.37,Credit Card,North,5.0
TXN1543,2024-08-14,42.0,Male,Home & Kitchen,1,75.73,5,71.94,20.44,Credit Card,East,4.0
TXN1544,2024-06-25,26.0,Female,Electronics,5,178.66,25,669.97,-26.8,Debit Card,West,4.0
TXN1545,2024-04-08,45.0,Male,Electronics,4,351.81,0,1407.24,309.59,Credit Card,North,4.0
TXN1546,2024-02-05,28.0,Female,Electronics,3,112.66,25,253.49,-10.13,Debit Card,North,4.0
TXN1547,2024-04-05,38.0,Female,Home & Kitchen,1,111.82,5,106.23,30.19,Credit Card,North,3.0
TXN1548,2024-05-31,44.0,Female,Electronics,2,330.25,15,561.42,46.23,UPI,East,5.0
TXN1549,2024-05-30,35.0,Female,Fashion,2,73.11,5,138.91,54.1,UPI,East,4.0
TXN1550,2024-07-08,40.0,Female,Home & Kitchen,1,37.85,30,26.5,0.76,UPI,South,4.0
TXN1551,2024-08-11,,Female,Fashion,2,64.86,0,129.72,54.48,Credit Card,North,2.0
TXN1552,2024-02-06,33.0,Male,Books,2,36.79,15,62.54,16.92,Credit Card,South,3.0
TXN1553,2024-09-24,33.0,Other,Electronics,2,304.89,5,579.29,103.66,Credit Card,South,5.0
TXN1554,2024-07-01,27.0,Male,Electronics,3,280.77,0,842.31,185.31,Credit Card,South,3.0
TXN1555,2024-01-13,33.0,Male,Home & Kitchen,2,47.48,15,80.72,16.15,UPI,West,3.0
TXN1556,2024-10-05,,Female,Fashion,2,35.51,15,60.37,19.18,Cash on Delivery,North,4.0
TXN1557,2024-08-04,30.0,Male,Home & Kitchen,3,36.32,0,108.96,34.87,Debit Card,East,3.0
TXN1558,2024-12-20,32.0,Female,Fashion,1,87.3,10,78.57,27.94,Debit Card,South,1.0
TXN1559,2024-12-26,32.0,Male,Electronics,2,294.79,25,442.19,-17.68,Debit Card,South,4.0
TXN1560,2024-10-12,,Other,Books,2,46.96,20,75.14,16.91,UPI,East,4.0
TXN1561,2024-09-29,34.0,Male,Books,4,27.1,10,97.56,30.35,Credit Card,East,4.0
TXN1562,2024-03-02,40.0,Other,Home & Kitchen,3,66.33,5,189.04,53.73,Cash on Delivery,West,4.0
TXN1563,2024-03-24,45.0,Male,Electronics,1,271.75,20,217.4,5.43,UPI,North,4.0
TXN1564,2024-08-04,28.0,Female,Home & Kitchen,1,74.49,25,55.87,5.22,UPI,North,5.0
TXN1565,2024-12-07,22.0,Female,Fashion,5,83.99,5,398.95,155.38,Credit Card,East,4.0
TXN1566,2024-07-05,24.0,Male,Electronics,1,253.74,10,228.37,30.45,UPI,South,3.0
TXN1567,2024-01-19,30.0,Female,Beauty & Health,3,28.18,0,84.54,33.82,UPI,North,3.0
TXN1568,2024-06-25,31.0,Male,Electronics,1,363.65,5,345.47,61.82,Debit Card,North,4.0
TXN1569,2024-04-09,27.0,Other,Beauty & Health,2,24.62,5,46.78,17.24,UPI,North,
TXN1570,2024-08-20,21.0,Female,Fashion,1,38.01,5,36.11,14.06,UPI,West,3.0
TXN1571,2024-03-16,30.0,Male,Electronics,2,273.87,10,492.97,65.73,Cash on Delivery,North,5.0
TXN1572,2024-09-21,37.0,Male,Home & Kitchen,6,124.56,0,747.36,239.16,Credit Card,South,1.0
TXN1573,2024-10-10,42.0,Male,Books,2,36.59,0,73.18,27.81,UPI,North,4.0
TXN1574,2024-07-24,29.0,Male,Home & Kitchen,2,148.92,0,297.84,95.31,Credit Card,South,5.0
TXN1575,2024-08-10,30.0,Male,Books,1,40.09,20,32.07,7.21,Debit Card,North,4.0
TXN1576,2024-02-21,25.0,Other,Home & Kitchen,1,134.22,20,107.38,16.11,Cash on Delivery,South,4.0
TXN1577,2024-12-04,35.0,Male,Home & Kitchen,1,50.64,25,37.98,3.54,Credit Card,North,3.0
TXN1578,2024-05-23,26.0,Female,Books,1,22.92,0,22.92,8.71,Debit Card,East,5.0
TXN1579,2024-03-09,41.0,Female,Electronics,2,388.59,0,777.18,170.98,Credit Card,North,2.0
TXN1580,2024-04-08,18.0,Male,Fashion,1,26.82,0,26.82,11.26,Cash on Delivery,South,5.0
TXN1581,2024-01-25,31.0,Female,Electronics,3,241.88,0,725.64,159.64,Debit Card,West,3.0
TXN1582,2024-02-22,,Male,Beauty & Health,1,24.52,5,23.29,8.58,Debit Card,East,5.0
TXN1583,2024-05-30,37.0,Male,Beauty & Health,1,35.55,5,33.77,12.44,Credit Card,South,4.0
TXN1584,2024-05-23,65.0,Female,Electronics,1,345.88,10,311.29,41.5,Cash on Delivery,South,5.0
TXN1585,2024-02-26,39.0,Male,Home & Kitchen,4,129.79,5,493.2,140.17,Debit Card,South,4.0
TXN1586,2024-02-08,24.0,Male,Beauty & Health,2,50.75,5,96.42,35.52,Credit Card,East,5.0
TXN1587,2024-04-18,34.0,Male,Electronics,1,293.9,5,279.2,49.96,Debit Card,West,2.0
TXN1588,2024-06-29,18.0,Female,Home & Kitchen,1,96.54,15,82.06,16.41,Credit Card,East,3.0
TXN1589,2024-02-11,34.0,Female,Beauty & Health,3,33.56,5,95.65,35.24,Debit Card,South,4.0
TXN1590,2024-07-04,26.0,Female,Electronics,2,373.27,15,634.56,52.26,Credit Card,East,2.0
TXN1591,2024-08-10,45.0,Male,Home & Kitchen,2,137.25,20,219.6,32.94,Debit Card,South,3.0
TXN1592,2024-05-01,29.0,Female,Fashion,1,36.16,15,30.74,9.77,UPI,North,5.0
TXN1593,2024-05-12,34.0,Male,Beauty & Health,2,20.08,5,38.15,14.05,Credit Card,South,
TXN1594,2024-06-11,28.0,Female,Beauty & Health,2,52.55,20,84.08,21.02,Credit Card,West,4.0
TXN1595,2024-08-02,54.0,Female,Beauty & Health,2,74.23,0,148.46,59.38,Credit Card,North,5.0
TXN1596,2024-08-08,31.0,Male,fashion,1,90.63,10,81.57,29.0,UPI,East,4.0
TXN1597,2024-08-22,55.0,Male,Books,2,15.6,5,29.64,10.3,Credit Card,North,3.0
TXN1598,2024-11-26,44.0,Female,Books,1,19.39,10,17.45,5.43,UPI,South,5.0
TXN1599,2024-05-25,40.0,Female,Fashion,1,75.11,15,63.84,20.28,Credit Card,North,4.0
TXN1600,2024-08-26,39.0,Female,Books,3,32.16,15,82.01,22.19,Credit Card,South,5.0
TXN1011,2024-11-26,18.0,Male,Electronics,1,299.51,5,284.53,50.91,UPI,South,4.0
TXN1012,2024-03-28,46.0,Female,Beauty & Health,1,28.54,0,28.54,11.42,Debit Card,East,3.0
TXN1013,2024-04-09,27.0,Male,Fashion,-1,51.29,25,192.34,43.6,UPI,North,4.0
TXN1014,2024-12-25,44.0,Other,Fashion,2,85.83,0,171.66,72.1,UPI,East,3.0
TXN1015,2024-05-31,18.0,Male,Books,1,37.18,0,37.18,14.13,Credit Card,West,4.0
TXN1016,2024-05-10,45.0,Male,Beauty & Health,2,37.3,20,59.68,14.92,Debit Card,East,5.0
TXN1017,2024-05-29,22.0,Female,Beauty & Health,2,37.03,0,74.06,29.62,Credit Card,North,3.0
TXN1018,2024-11-04,43.0,Male,Books,1,29.84,20,23.87,5.37,Debit Card,North,2.0
